Topic_ID,Summary,Abstractive_Summary
1,At worst Koresh and his followers were innocent not brainwashed guilty of illegal arms possession as yet unproven and murderedd along with 25 children They cannot speak for themselves Members of the surviving alive and not burned to death BATF FBI can and are inappropriately to the public eye outside the bounds of their legal authorities read the charter the Constitution specifies that the COURTS convict while the enforcement arm INVESTIGATES and that the evidence involved shuld not be disseminated in a way to harm or injure a party involved prior to that action its called slander or libel even where factually true butthen distoted or disseminated with intent to harm for the purpose of covering their butts because the bottom line is they SAID they wanted the kids to get out alive and theFBI the BATF Ms zip gun or ballistic knife 2 Any explosive device or incendiary device 3 Nitroglycerin nitrocellulose nitrostarch PETN cyclonite TNT picric acid and other high explosives amatol tritonal tetrytol pentolite pecretol cyclotol and other high explosive compositions plastic explosives dynamite blasting gelatin gelatin dynamite sensitized ammonium nitrate liquid oxygen blasting explosives blasting powder and other blasting agents and any other explosive substance having sufficient brisance or power to be particularly suitable for use as a military explosive or for use in mining quarrying excavating or demolitions 4 Any firearm rocket launcher mortar artillery piece grenade mine bomb torpedo or similar weapon designed and manufactured for military purposes and the ammunition for that weapon 5 Any firearm muffler or silencer 6 ANY MILITARY WEAPON 7 ANY DETACHABLE MAGAZINE MAGAZINE DRUM BELT FEED STRIP OR SIMILAR DEVICE THAT HAS A CAPACITY OF OR THAT READILY CAN BE RESTORED OR CONVERTED TO ACCEPT MORE THAN FIFTEEN ROUNDS OF AMMUNITION 8 Any combination of parts that is intended by the owner for use in converting any firearm or other device into a dangerous ordinance I also think they will claim a new MANDATE to ban all firearms from the solar system wheter we call and ask for information or not On the other hand with due respect to the Editor of the Blue PRess just becaue Mike makes damned good presses dies powder scales and got tired of Lee s atacks DOES NOT MEAN THAT EVERY DILLON FAN FOLLOWS WHAT MIKE CALLS FOR LIKE HE WAS KARESH AND WE WERE TRANSDILLIDIANS Our local State Assemblyman has called for a complete ban on all non bolt action military rifles and all assault weapons a 7 day wait for purchase permits it currently takes 10 to 14 working days here in NC and one permit year,At worst Koresh and his followers were innocent not brainwashed guilty of illegal arms possession as yet unproven and murderedd along with 25 children. Members of the surviving alive and not burned to death BATF FBI can and are inappropriately to the public eye outside the bounds of their legal authorities. I also think they will claim a new MANDATE to ban all firearms from the solar system.
2,Does anyone have an idea where to look for the problem Thanks How do you set up an app to give its window a default start up position and size I am not sure whether I am here in the right area but does anybody here know whether Windows NT does will include a X Windows server so that it can run X Window applications remotely This is because we are considering at our university to use PC s for word processing and program development whereas the bigger jobs are to be run either on SUN workstations or on Fujitsu super computers What the status of Trumpet for Windows Will it use the Windows sockets I liked it in DOS but had to abandon it since I started using NDIS to access our token ring results in invalid class error Bye Hi I am trying to implement a pointer feature in Xlib I have multiple windows and all can take input and show output simultaneously on all other displays I want to implement a pointer feature I would like to get the pointer to come up on all windows once I choose pointer in the menu and every one should be able to see it Can you give me some hints as to how I should proceed replies will be greatly appreciated The shell is waiting for the window manager to respond to its positioning request When I run xev and press the F1 key I get the correct value showing up in the following two key events KeyPress event serial 14 synthetic NO window 0x2800001 root 0x28 subw 0x0 time 2067815294 67 80 root 74 104 state 0x0 keycode 16 keysym 0xffbe F1 same screen YES XLookupString gives 0 characters KeyRelease event serial 16 synthetic NO window 0x2800001 root 0x28 subw 0x0 time 2067815406 67 80 root 74 104 state 0x0 keycode 16 keysym 0xffbe F1 same screen YES XLookupString gives 0 characters Notice that the keysym being transmitted is correct 0xffbe,Does anyone have an idea where to look for the problem Thanks How do you set up an app to give its window a default start up position and size I am not sure whether I am here in the right area but does anybody here know whether Windows NT does will include a X Windows server so that it can run X Window applications remotely. We are considering at our university to use PC s for word processing and program development.
3,2 GIGabyte SCSI hard drive 1000 Quantum 240 MEG SCSI prodrive 350 Fujitsu 90 MEG SCSI hard drive 175 Apple zero footprint hard drive case with power supply 75 ACCELLERATED VIDEO Apple 8 24GC accellerated graphics card with software init Millions of colors FAST 700 HARDCOPY Apple Imagewriter II printer with spare print head these aren t cheap 300 FAX machine 9600 baud with leather travel case and many other accessories 200 To discuss the purchase of any of these items call John at 408 268 1769 If you get the answering machine please leave a message with your name and phone number letting me know which piece you are interested in From 486 DX 50 mHz in Zero Insertion Force Socket Empty over drive socket EISA motherboard with 256k cache 2 32 bit EISA Slots 2 32 bit VESA local bus slots 4 16 bit ISA slots 8 MB 70ns RAM 8 SIMMS sockets filled with 1mb strips 0 sockets open 32 bit EISA IDE hard drive controller 330 Meg IDE hard disk drive w 64k cache 12ms Diamond Viper Weitek 9000 VESA local bus graphics card w 2mb 15 MAG MX15F monitor 2 Serial NS16550AFN UART 1 parralell 1 game ports Full tower case 250 Watt power supply 5 X 5 Q U A N T U M Logical Specs for Quantum AT Drives COMPLIMENTS OF COMPUTER BROKERS OF CANADA Model Cap Avg Acc Cylinders Heads Sectors Track MB ms 40AT 42 19 965 5 17 80AT 84 19 965 10 17 120AT 120 15 814 9 32 170AT 168 15 968 10 34 210AT 209 15 873 13 36 425AT 426 14 1021 16 51 LPS 52AT 52 17 751 8 17 LPS 80AT 83 17 611 16 17 LPS 105AT 105 17 755 16 17 LPS 120AT 122 16 901 5 53 LPS 240AT 245 16 723 13 51 Legend 1 Jumper Installed 0 No Jumper 40 80 AT Jumpers DS SS Meaning 1 0 Single drive configuration 1 1 Master of dual drive 0 0 Slave of dual drive 0 1 Self Seek Test 120 170 210 425 AT Jumpers DS SP SS Meaning 0 0 0 Slave when the Master is Quantum PRODRIVE other than 40 80A 0 0 1 Slave in PRODRIVE 40 80A mode 0 1 0 Slave when Master is non Quantum Drive 0 1 1 Not Used 1 0 1 Master drive PDIAG mode checking DASP for slave 1 1 0 Master in PDIAG mode using SP to check if slave present 1 1 1 Master in 40 80A mode using SP to check if slave present 1 0 0 Single drive LPS 52 80 105 120 240 AT Jumpers DS SP DM Meaning 0 0 0 Slave in standard PDIAG mode for compatibility with drives that use PDIAG line to handle Master Slave communications 0 0 1 Slave in PRODRIVE 40 80A mode compat,To discuss the purchase of any of these items call John at 408 268 1769 If you get the answering machine please leave a message with your name and phone number letting me know which piece you are interested in. From 486 DX 50 mHz in Zero Insertion Force socket Empty over drive socket EISA motherboard with 256k cache 2 32bit EISA Slots 2 32 bit VESA local bus slots 4 16 bit ISA slots 8 MB 70ns RAM 8 SIMMS sockets filled with 1mb strips 0 sockets open 32 bit EISA IDE hard drive controller 330 Meg IDE hard disk drive w 64k cache 12ms Diamond
4,MVP Candidates Name G AB H 2B 3B HR R RBI BB K SB CS IBB BA OBP SLG DEF Griffey 124 338 99 27 0 16 44 64 39 50 0 0 16 293 362 515 8 P EMartinez 139 562 176 55 3 14 85 87 44 77 14 5 6 313 359 496 5 A Sandberg 137 559 163 35 6 20 100 102 64 67 4 1 2 292 360 483 4 V Ventura 144 562 161 32 0 9 83 59 80 61 0 1 3 286 374 391 5 E McGriff 148 533 150 25 1 33 89 98 102 132 0 3 20 281 398 518 3 P McGwire 138 487 134 31 1 34 108 104 128 100 0 3 38 275 425 552 3 E RAlomar 127 515 159 23 8 5 85 34 70 67 54 11 1 309 389 414 4 P Dykstra 144 582 157 27 1 3 94 60 65 67 89 20 3 270 339 335 8 A Butler 137 534 158 13 13 1 82 50 83 69 13 19 0 296 386 375 8 B Deer 119 425 103 26 1 33 66 75 44 141 1 3 2 242 311 541 9 V Bonds 145 465 143 39 4 33 128 101 187 62 23 5 68 308 502 622 7 E Hrbek 129 423 112 21 0 12 62 52 80 77 1 0 2 265 380 400 3 P JGonzalez 135 543 121 17 1 38 59 85 28 146 0 0 2 223 259 468 8 B Some players missed time due to injuries others were sat down at the end to avoid the possibility of injury Minnesota 3 Power play 11 2 Scorer G A Pts Courtnall 1 0 1 Dahlen 1 1 2 Hatcher 0 1 1 McPhee 1 0 1 Modano 0 1 1 Sjodin 0 1 1 Scoring stats for the Swedish NHL players April 5 Mats Sundin watch Most points during a season 131 Kent Nilsson Calgary Flames 1980 81 49 82 110 Mats Naslund Montreal Canadiens 1985 86 43 67 109 Mats Sundin Quebec Nordiques 1992 93 43 66 106 Hakan Loob Calgary Flames 1987 88 50 56 104 Kent Nilsson Calgary Flames 1982 83 46 58 99 Kent Nilsson Calgary Flames 1984 85 37 62 Most goals during a season 50 Hakan Loob Calgary Flames 1987 88 49 Kent Nilsson Calgary Flames 1980 81 46 Kent Nilsson Calgary Flames 1982 83 45 Tomas Sandstrom LA Kings 1990 91 43 Mats Naslund Montreal Canadiens 1985 86 43 Mats Sundin Quebec Nordiques 1992 93 Most assists during a season 82 Kent Nilsson Calgary Flames 1980 81 67 Mats Naslund Montreal Canadiens 1985 86 66 Borje Salming Toronto Maple Leafs 1976 77 66 Mats Sundin Quebec Nordiques 1992 93 62 Kent Nilsson Calgary Flames 1984 85 61 Borje Salming Toronto Maple Leafs 1977 78 61 Thomas Steen Winnipeg Jets 1988 89 Ulf Samuelsson watch Most penalty minutes during a season 243 Ulf Samuelsson Pittsburgh Penguins 1992 93 through 3 25 211 Ulf Samuelsson Pittsburgh Penguins 1990 91 206 Ulf Samuelsson Pittsburgh Penguins 1991 92 184 Kjell Samuelsson Philadelphia Flyers 1988 89 181 Ulf Samuelsson Hartford Whalers 1988 89 174 Ulf Samuelsson Hartford Whalers 1985 86 170 Borje Salming Toronto Maple Leafs 1980 81 RL Rk Name Team J Ps Ht Wt Born G A Pts PL Comment 1 Mats Sundin QUE 13 C 6 2 189 2 13 71 43 66 109 7 2 Ulf Dahlen MIN 22 RW 6 2 195 1 12 67 33 38 71 5 3 Thomas Steen WIN 25 C 5 10 195 6 8 60 21 43 64 5 4 Johan Garpenlov SJS 10 LW 5 11 185 3 21 68 21 40 61 5 5 Fredrik Olausson WIN 4 D 6 2 200 10 5 66 13 38 51 4 6 Tomas Sandstrom LAK 7 LW 6 2 207 9 4 64 22 24 46 2 7 Per Erik Eklund PHI 9 LW 5 10 175 3 22 63 8 34 42 Injured 8 Calle Johansson WAS 6 D 5 11 205 2 14 67 6 35 41 1 9 Nicklas Lidstrom DET 5 D 6 2 180 4 28 70 7 33 40 2 10 Tommy Sjodin MIN 33 D 5 11 190 8 13 65 7 29 36 11 Ulf Samuelsson PIT 5 D 6 1 195 3 26 64 2 24 26 1 12 Mikael Andersson TBL 34 LW 5 11 185 5 10 66 13 11 24 1 13 Michael Nylander HFD 36 LW 5 11 176 10 3 72 5 16 21 2 14 Roger Johansson CGY 34 D 6 1 185 4 7 67 4 15 19 1 15 Jan Erixon NYR 20 LW 6 0 196 7 8 62 5 10 15 16 Peter Andersson NYR 25 D 6 0 187 8 29 65 4 7 11 1 17 Kjell Samuelsson PIT 28 D 6 6 235 10 18 58 3 6 9 2 18 Tommy Albelin NJD 6 D 6 1 190 5 21 64 1 5 6 19 Per Djoos NYR 44 D 5 11 176 5 11 68 1 1 2 Binghampton 20 Niclas Andersson QUE 46 LW 5 8 169 5 20 71 0 1 1 Halifax 21 Thomas Forslund CGY 27 LW 6 0 185 11 24 68 0 1 1 Salt Lake 22 Patrik Carnback MON 20 LW 6 0 189 2 1 68 0 0 0 Injured 23 Patrik Kjellberg MON 27 LW 6 2 196 6 17 69 0 0 0 Fredericton RL Rank Last week Rk Rank J Jersey Number Ps Position Born mm dd yy G Goals A Assists Pts Points PL Points scored since Last posted list Goalie stats Name Team J Ps Ht Wt Born Tommy Soderstrom PHI 30 G 5 9 163 7 17 69 T O T A L mm dd vs res r w l t sh sv GP MP GA GAA SOG SV SV SO A 12 17 PIT 4 5 L 0 1 0 27 22 1 62 5 4 STANDINGS PATRICK ADAMS NORRIS SMYTHE TM W L T PT TM W L T PT TM W L T PT TM W L T PT xPIT 56 21 7 119 xBOS 51 26 7 109 xCHI 47 25 12 106 xVAN 46 29 9 101 yWAS 42 34 7 91 yQUE 47 27 10 104 yDET 47 28 9 103 yCAL 43 30 11 97 yNJ 40 36 7 87 yMON 48 30 6 102 yTOR 44 29 11 99 yLA 39 35 10 88 yNYI 39 37 7 85 yBUF 38 36 10 86 ySTL 37 36 11 85 yWIN 40 37 7 87 PHL 35 37 11 81 HAR 26 51 6 58 MIN 36 38 10 82 EDM 26 50 8 60 NYR 34 38 11 79 OTT 10 70 4 24 TB 23 54 7 53 SJ 11 71 2 24 x Clinched Division Title y Clinched Playoff Berth Minnesota North Stars 36 38 10 1 1 1 3 Detroit Red Wings 47 28 9 0 2 3 5 1st period MIN McPhee 18 Ludwig 1 23 2nd period MIN Dahlen 34 Courtnall Gagner pp 0 31 DET Drake 18 Howe Ogrodnick 9 14 DET Ysebaert 34 Lidstrom Howe pp 17 37 3rd period DET Ciccarelli 41 Coffey Chiasson pp 0 32 DET Kennedy 19 Burr Probert 3 42 DET Yzerman 58 Ciccarelli Gallant 6 17 MIN Dahlen 35 Courtnall Gagner 19 11 Powerplay Opportunities North Stars 1 of 2 Red Wings 2 of 4 Shots on GOal North Stars 10 9 11 30 Red Wings 6 15 8 29 Minnesota North Stars Casey 26 26 5 29 shots 24 saves Detroit Red Wings Cheveldae 34 24 7 30 shots 27 saves ATT 19 749 Philadelphia Flyers 35 37 11 1 2 4 7 Buffalo Sabres 38 36 10 0 3 1 4 1st period PHL Recchi 52 Galley Lindros 0 18 2nd period PHL Hawgood 11 Dineen Eklund pp 2 15 PHL Dineen 33 McGill sh 5 40 BUF Barnaby 1 Hawerchuk Smehlik pp 7 48 BUF Wood 18 LaFontaine Ledyard pp 17 34 BUF Mogilny 75 Hawerchuk Carney pp 18 56 3rd period PHL Eklund 11 Dineen Beranek 4 42 BUF Mogilny 76 Errey LaFontaine 5 24 PHL Dineen 34 Brind Amour pp 6 44 PHL Dineen 35 Brind Amour Galley sh 8 39 PHL Acton 8 Dineen Brind Amour 19 48 Powerplay Opportunities Flyers 2 of 5 Sabres 3 of 10 SHots on Goal Flyers 6 7 13 26 Sabres 8 19 18 45 Philadelphia Flyers Soderstrom 20 17 6 45 shots 41 saves Buffalo Sabres Fuhr 10 shots 7 saves Hasek 11 10 4 5 40 second 16 shots 12 saves ATT 15 042 Edmonton Oilers 26 50 8 0 0 0 0 Winnipeg Jets 40 37 7 1 2 0 3 1st period WIN Shannon 20 Steen Davydov pp 2 08 2nd period WIN Selanne 76 Olausson 5 25 WIN Zhamnov 25 Selanne 19 42 3rd period NONE Powerplay Opportunities Oilers 0 of 3 Jets 1 of 6 SHots on GOal Oilers 7 8 16 31 Jets 10 16 16 42 Edmonton Oilers Ranford 17 38 6 42 shots 39 saves Winnipeg Jets Essensa 33 26 6 31 shots 31 saves ATT 12 229 Toronto Maple Leafs 44 29 11 1 1 0 2 Chicago BlackHawks 47 25 12 0 2 1 3 1st period TOR Baumgartner 1 18 40 2nd period CHI Roenick 50 Murphy Chelios 1 29 TOR Andreychuk 55 Mironov Lefebvre 13 22 CHI Murphy 7 Roenick Chelios pp 19 05 3rd period CHI Matteau 15 10 51 Powerplay Opportunities Maple Leafs 1 of 3 BlackHawks 1 of 7 Shots on Goal Maple Leafs 14 4 8 26 BlackHawks 10 13 13 36 Toronto Maple Leafs Potvin 25 15 7 36 shots 33 saves Chicago BlackHawks Belfour 41 18 11 26 shots 24 saves ATT 17 856 Tampa Bay Lightning 23 54 7 0 2 3 5 St,MVP Candidates Name G AB H 2B 3B HR R RBI BB K SB CS IBB BA OBP SLG DEF Griffey 124 338 99 27 0 16 44 64 39 50 0 0 16 293 362 515 8 P EMartinez 139 562 176 55 3 14 85 87 44 77 14 5 6 313 359 496 5 A Sandberg 137 559 163 35 6 20 100 102 64 67 4 1 2 292 360 483 4 V Ventura 144 562 161 32 0 9 83 59 80 61 0 1 3 286 374 391 5 E McGriff 148 533 150 25 1 33 89 98 102
5,I had no possibility to join the 7th annual X Technical Conference January 18 20 1993 Boston MA Nevertheless I m interested in information about the tutorials exspecially about Tutorial ID A SECURITY Title A Survey of X and Security Tutorial ID F ADMIN Title X and the Administrator Does anybody know where I can get information paper mail about these Has anybody information about Kerberos escpecially in connection with X Display Manager xdm Thanks Andrea Winkler Siemens Nixdorf Muenchen Germany S I E M E N S Andrea Winkler Internet SNI STO XS 322 Otto Hahn Ring 6 D 8000 Munich 83 N I X D O R F Phone 089 636 41449 FAX 089 636 42833 I m looking for any information on detecting and or calculating a double point and or cusp in a bezier curve Situnayake Can someone point me in the direction of any papers not necessarily formally conducted studies discussing how much traffic X apps generate for the network particularly in comparison with curses bases apps over telnet Also does an X server typically buffer up user keyboard input a line at a time Can the X client control this asking for keystrokes immediately Thanks in advance for any feedback I have also been trying to complete my collection I have checked some geometry books Graphics Gems and Farin but am still at a loss Please have mercy on me and provide the solution Thanks Ed Hi All Would anyone out there in net land happen to have an authentic sure fire way of making this great sauce that is used to adorn Gyro s and Souvlaki Thanks What conclusion can be drawn from this I m trying to figure out what kind of memory configuration for the LC III 32 bit datapath would be fastest,I had no possibility to join the 7th annual X Technical Conference January 18 20 1993 Boston MA Nevertheless I m interested in information about the tutorials exspecially about Tutorial ID A SECURITY Title A Survey of X and Security Tutorial ID F ADMIN Title X and the Administrator. Has anybody information about Kerberos escpecially in connection with X Display Manager xdm?
6,FOR SALE Paradise SVGA accelerator card 800x600x32768 1240x1024x16 up to 15 times faster than vga manual drivers used for 5 months perfect condition WD chipset 120 OBO The idea of the card is bull in and of its self but I m curious to know do they plan on making it a requirement to always have it on you or is it only going to be required to be presented when trying to ge medical aid BTW anybody planning on shaving Hillary s head to look for 666 8 Later Dave Days Goverment logic or just the Clintons 30 by Qualitas SYSTEM ANALYSIS Mon Apr 19 1993 11 43 49AM page 1 ACCESS TIMING Hex KB KB Access Speed Ratio Start Start Size Time us 0 25 50 75 100 00000 0 32 396 00800 32 32 598 01000 64 32 157 01800 96 32 180 02000 128 64 157 03000 192 32 165 03800 224 128 156 05800 352 96 169 07000 448 32 153 07800 480 32 188 08000 512 96 158 09800 608 32 171 0A000 640 96 1221 0B800 736 32 1581 0C000 768 32 312 0C800 800 96 154 0E000 896 64 3957 0F000 960 64 312 Note two things on this chart 1 The video memory appears to be many orders of magnitude slower than system memory 0 hCAKR9SPiJ QRQ QUJ N J UCLD U S S QUUTQC U DL3J 3LT UU QUUBUT S L3 UU QJS UT QJS UD TUUQCQ3 UCFJ c4ACSL D L D a Lkh Q6 qhh2MIlc Q2Iq p GeSp ejN bHMdHll Qh lR E26C2 QBqSrMM pa k jPGXqcpR2rYR9eYd0 Mh0 h1rj1 hA pcLHRSG6PF2eIYmc4rIS60EFp Vf bTBHjlEX3Pe0KJ8 ZKH 9Cc3 fJ kHGZC BHhNV9 DC6Xd S58DFD pJ ei 2VIr TI 6V S eJ GS Q QqD 2P M49m9IdHhm2frUq2Ek G3e Vi rQJ C m E 0jf YI2ql VI 0qHH R 339 9hY46 TR ZkXI pQRQKCU3 ed9R Cr IEjf8S 9 a6 P8p0ZC 6H0ajcY1BR JDM3 F lJ1 5bI SC2Jh qeTfVK961rR 3qpJITeraM0 0RHJ aJ f HJ R4JJXDK22e Cab5DK jkRq0r IcrC c Krd m1VrbJCX NR 3FrcHYPk r1CHJjiJ Hk J84pq a2 r bZ Ff1V KG6qG9 MbmUPG9XkUeX 2Gl Gl Gl GE k5hrX F4IX4IRNYkb M rSbN4 8m8qPq2rAd j FhRC 4 PeI2RFhY0 j GH P S h HN R6JJXb5f b clJkfb121qGm2MclEe S rL1 PeXj39 9k HF4Z ZKGN4h9A b T23l RDf a13X VbKJ 9ME Tlp2 3C 1R JJT b 33 ADmicJ 4a3 B9 AP Well it seems that I have a soundblaster card for sale since I recently purchased a SBPro,FOR SALE Paradise SVGA accelerator card 800x600x32768 1240x1024x16 up to 15 times faster than vga manual drivers used for 5 months perfect condition WD chipset 120 OBO The idea of the card is bull in and of its self but I m curious to know do they plan on making it a requirement to always have it on you.
7,That is odd isn t it Why do you suppose it is that MDs with these common problems don t go for these crazy ideas Does the professional jealosy extend to suffering in silence even though they know they could be cured if they just followed this quack book Gordon Banks N3JXP Skepticism is the chastity of the intellect and it is shameful to surrender it too soon If these people have gotten results with my method after having been unsuccessful with yours or their own I certainly wouldn t lose any sleep over whether you or your peers approve of my treatments let s face it with all the blunders committed by scientific MDs over the years I know a lot of people who hold your scientific method in much lower esteem than they hold mine GR As far as we know ayurveda crystals homeopathy Ron Roth GR which may all equal placebo administered with appropriate GR trappings I have met the challenges of hundreds of sceptics by verifying the accuracy of measuring their mineral status to their total satisfac tion in other words EVERYONE INVOLVED is happy If you were to cook a meal would you worry over whether EVERYONE in this world would find it to their liking or only those that end up eating it Since I have financed every research project that I have undertaken entirely myself I don t need to follow any of your rules or guide lines to satisfy any aspects of a grant application which YOU may have to neither am I concerned of whether or not my study designs meet your or anyone else s criteria or acceptance,Skepticism is the chastity of the intellect and it is shameful to surrender it too soon. I know a lot of people who hold your scientific method in much lower esteem than they hold mine GR As far as we know ayurveda crystals homeopathy Ron Roth GR which may all equal placebo administered with appropriate GR trappings.
8,Adobe 1 415 961 0911 FAX info 1 800 235 0078 Aldus 1 206 622 5500 Alladin 1 408 685 9175 Altsys 1 214 680 2060 APDA 1 800 282 2732 Apple Prog Dev Assoc Apple Computer 1 408 996 1010 Apple Customer 1 800 776 2333 Non Tech assistance APS 1 800 233 7550 Alliance Peripheral Sys ASD Softwae 1 714 624 2594 FAX 1 714 624 9574 Berkeley Systems 1 415 540 5535 Cayman Systems 1 800 473 4776 CE Software 1 515 224 1953 Claris 1 408 727 8227 1 408 727 9054 Claris Software 1 800 3CL ARIS Compatible Systems 1 800 356 0283 Computer Associates C crypt 3 Basic Cryptology What is cryptology Cryptography Plaintext Ciphertext Encryption Key What references can I start with to learn cryptology How does one go about cryptanalysis What is a brute force search and what is its cryptographic relevance What are some properties satisfied by every strong cryptosystem If a cryptosystem is theoretically unbreakable then is it guaranteed analysis proof in practice Why are many people still using cryptosystems that are relatively easy to break 4 Mathematical Cryptology In mathematical terms what is a private key cryptosystem What is an attack What s the advantage of formulating all this mathematically Why is the one time pad secure What s a ciphertext only attack What s a known plaintext attack What s a chosen plaintext attack In mathematical terms what can you say about brute force attacks What s a key guessing attack What s entropy 5 Product ciphers What is a product cipher What makes a product cipher secure What are some group theoretic properties of product ciphers What can be proven about the security of a product cipher How are block ciphers used to encrypt data longer than the block size Can symmetric block ciphers be used for message authentication What exactly is DES What is triple DES What is differential cryptanalysis How was NSA involved in the design of DES Is DES available in software Is DES available in hardware Can DES be used to protect classified information What are ECB CBC CFB and OFB encryption 6 Public Key Cryptography What is public key cryptography What s RSA Is RSA secure How fast can people factor numbers What about other public key cryptosystems 7 Digital Signatures and Hash Functions What is a one way hash function What is the difference between public private secret shared etc unicity distance What is key management and why is it important Can I use pseudo random or chaotic numbers as a key stream What is the correct frequency list for English letters What is the Enigma How do I shuffle cards Can I foil S W pirates by encrypting my CD ROM Can you do automatic cryptanalysis of simple ciphers What is the coding system used by VCR 9 Other Miscellany What is the National Security Agency NSA What are the US export regulations What is TEMPEST What are the Beale Ciphers and are they a hoax What is the American Cryptogram Association and how do I get in touch Is RSA patented What about the Voynich manuscript snip the 3DO is not a 68000 snip The 3DO box is based on an ARM RISC processor one or two custom graphics chips a DSP a double speed CDROM and 2MB of RAM VRAM,What is cryptology and how does one go about cryptanalysis? What are the properties satisfied by every strong cryptosystem? What is the correct frequency list for English letters? How do I shuffle cards? Can I foil S W pirates by encrypting my CD ROM?
9,X X We tend to dislike programs that X X are very hardware specific X are very OS or Un x version specific X index strchr differences are ok but socket streams specific X code is likely not to be X dump core or have compiler warnings X it is ok only if you warn us in the remark header item X won t compile under both BSD or SYS V Un x X abusing the build file to get around the size limit X obfuscate by excessive use of ANSI tri graphs X are longer than they need to be X are similar to previous winners X are identical to previous losers X X Unless you are cramped for space or unless you are entering the X best one liner category we suggest that you format your program X in a more creative way than simply forming excessively long lines 6 MEM T US144 T W3P S W T W3S T W1T W45 T T U 5 MW3Q W47 71 W1T W T7 W45 13Q P W W 1W3P 1 T M S W1EMU 13Q S W1T3R6 W11 T QS T5 17 W W45 T M1 S 5 13QS SQ T S P T98 QS 113P T471145S S1 66 4 M Q EM T 1T3Q Y 1T SS11 145ST466 T4 1 1 T5S T7 M S W1W7 T47 5 ED5 1466W T W11 W1 8 W W47 1 W Q M17 W3P W471W47 T711 1 W W T UW T7 X71A W A W W W W MW W W7 W W X7 0 W W W T 27 X5 TGC2 X C0 E 24 C End of part 1 of 14 I have looked through the FAQ sections and have not seen a answer for this X X We tend to dislike programs that X X are very hardware specific X are very OS or Un x version specific X index strchr differences are ok but socket streams specific X code is likely not to be X dump core or have compiler warnings X it is ok only if you warn us in the remark header item X won t compile under both BSD or SYS V Un x X abusing the build file to get around the size limit X obfuscate by excessive use of ANSI tri graphs X are longer than they need to be X are similar to previous winners X are identical to previous losers X X Unless you are cramped for space or unless you are entering the X best one liner category we suggest that you format your program X in a more creative way than simply forming excessively long lines,X X We tend to dislike programs that X X are very hardware specific. X code is likely not to be X dump core or have compiler warnings. X won't compile under both BSD or SYS V Un x X abusing the build file to get around the size limit X obfuscate by excessive use of ANSI tri graphs.
10,Box 14571 Berkeley CA 94701 FAX 804 490 3832 Email AZERBAIJAN S GOVERNMENT APPEALS TO COMPATRIOTS ALL OVER THE WORLD 60 REFUGEES FROM KELBAJAR PERISHED IN THEIR ESCAPE LORRIES SITUATION IN THE REGION OF KELBAJAR ARMENIAN ARMY CONTINUES ATTACK ON FIZULI PRESS CONFERENCE OF THE CHIEF OF PRESS SERVICE OF PRESIDENT OF AZERBAIJAN AZERBAIJANIS PICKET IN FRONT OF MINISTRY OF FOREIGN AFFAIRS OF RUSSIA PICKET OF SADVALERS IN MOSCOW ATTACK OF ARMENIAN UNITS STOPPED STATEMENT OF MINISTRY OF FOREIGN AFFAIRS OF AZERBAIJAN AZERBAIJAN S GOVERNMENT APPEALS TO COMPATRIOTS ALL OVER THE WORLD BAKU APRIL 5 TURAN Today Azerbaijan s government appealed to Azeris all over the world in connection with escalation of the Armenian aggression against the republic So why search a plane for weapons since it s content is announced to be weapons If there is one that s confused then that s you We have the right and we do to give weapons to the Azeris since Armenians started the fight in Azerbadjan Shoot down with what Armenian bread and butter Or the arms and personel of the Russian army Accounts of Anti Armenian Human Right Violations in Azerbaijan 013 Prelude to Current Events in Nagorno Karabakh I said that on February 27 when those people were streaming down our street they were shouting Long live Turkey and Glory to Turkey And during the trial I said to that Ismailov What does that mean Glory to Turkey I still don t understand what Turkey has to do with this we live in the Soviet Union 19 Feb 330 4 March 1915 District Governor Kemal List of male inhabitants of Mergehu Village murdered or annihilated with the utmost savagery by Armenians Names Method of Annihilation Haci Ibrahim son of Abdi Bullets and bayonet Abdi son of Haci Ibrahim Bullets and bayonet Reso son of Abdi Beaten and cut into pieces Sado son of Omer Beaten and cut into pieces Aso son of Reso Beaten and cut into pieces Kulu son of Canko Stabbed in the eye with a bayonet Musa son of Canko Bayonet in his eye Emin son of Molla Hamit Bayonet in his eye Molla Abdullah son of Hamit Bayonet in his eye Ibo son of Haci Bayonet in his eye Sado son of Haci Bayonet in his eye Abdullah son of Canko Slaughtered Ibo son of Ahmet Abdomen ripped open Ismail son of Ibo Burnt in fire Musto son of Ozu Bullets Mahmut son of Seyyo Slaughtered Kocak son of Birro Bullets Musto son of Husnu Bullets Uso son of Alo Bullets Maksut son of Peri Bullets Haci son of Peri Bullets Mehmet son of Hasanali Bayonet Ibo son of Hasanali Bayonet Abdo son of Mehmed Bayonet Molla Suleyman Burnt in oven Mazgi son of Abdullah Stabbed in abdomen by bayonet Sulis son of Hasan Bullets Mahmo son of Mehmet Stabbed with a dagger Murat son of Hasan Stabbed with a dagger Uso son of Avci Blinded with a bayonet Lesko son of Mehmet Stabbed with a dagger Abdullah son of Kasim Bullets Coban Abdullah Bullets Seymo son of Mumin Bullets Muammer son of Reso Bullets Paso son of Merzi Bullets Gulu son of Bitor Bullets Murat son of Yusuf Bullets and bayonet Cedo son of Haci Ibrahim Bullets and bayonet Faki Mehmet Bullets and bayonet Silo son of Abdulcebbar Bullets and bayonet List of massacred females from the same village Kasi daughter of Huso and wife of Haci Ibrahim Bullets Fati daughter of Isa wife of Aduz Bullets Zeresan daughter of Amat wife of Reso Bayonet Gullu daughter of Iyso Cutting off her breasts Sulnu daughter of Sulo Ripping open her abdomen and burning wife of Ibo her baby in oven Fatma daughter of Ibo Slaughtered and burnt in oven Fidan hatun Burnt in oven Gulfizar daughter of Hacihan wife of Musto Slaughtered Rahime daughter of Mehmet wife of Halil Bullets Binefs daughter of Haci Kerim wife of Suleyman Burnt in oven Mahiye daughter of Ali wife of Sivno Slaughtered Hati daughter of Haci wife of Ahmet Slaughtered Hacer daughter of Meho Bullet and bayonet List of Females of the same village raped and murdered Nadire daughter of Haci wife of Suvis Hani daughter of Kulu wife of Zerko Zaliha daughter of Telli wife of Silo Arap daughter of Sami wife of Hilo Wounded males and females of the same village a long list List of massacred males and females at Istuci village Mikail son of Alo Bullets Musto son of Ismail Bullets Dervis son of Maksut Bullets Ali son of Nimet Bayonet Esat son of Kelo Bayonet and bullets Isa son of Nebi Bayonet and bullets Cevher son of Gani Beaten by rifle butt Ziro daughter of Hasan Died from injuries Hazal daughter of Ali wife of Acem Died from injuries Hamsa daughter of Huseyin wife of Huseyin Died from injuries List of raped women at Istuci village in life Sabo daughter of Maho Virgin Miri other daughter of Maho Virgin Emine daughter of Meho wife of Sofi Salih Sahap daughter of Ali wife of Nevruz Gullu daughter of Mahi Virgin List of persons attacked by Armenian gangs a long list Serdar Argic Attacking Who is attacking who Even the country you live in USA have condemned Armenia for it s attacking,60 REFUGEES FROM KELBAJAR PERISHED IN THEIR ESCAPE LORRIES SITUATION IN THE REGION OF KEL BAJAR ARMENIAN ARMY CONTINUES ATTACK ON FIZULI PRESS CONFERENCE OF THE CHIEF OF PRESS SERVICE OF PRESIDENT OF AZERBAIJAN AZER BAJANIS PICKET IN FRONT OF MINISTRY OF FOREIGN AFFAIRS OF RUSSIA PICKet OF SADVALERS IN MOSCOW ATTACK OF ARMENian UNITS STOPPED STATEMENT OF MINis
11,horn buttons behind air bag in spokes and not in center personal preference Tires fling dirt mud onto side of car My Likes engine design valves sounds smoothness power mileage torque definitely 1 handling very good for FWD understeer only at limits transmission the 5 speed is a must usable instrumentation lovely readable analog everywhere Very little torque steer at full power much better than the 90 SHO I drive stability at 100 mph high gearing though low cowl good visibility in front Heated outside mirrors nice in fog never tested in freezing weather ABS Air bag see above rear seats fold down I have few rear seat passengers so a trunk not important No shake rattle noises when going over bumps potholes still Tires 225 55VR16 Goodyear Eagles 70 left hoping for 30K As you can see I m primarily interested in the engine What kind of moral idiocy is it to measure this utility only in terms of killings Do we measure the utility of our police solely in terms of felons killed as opposed to the many many more who are otherwise foiled apprehended or deterred Should we not celebrate let alone count those cases where no human life is lost as successful armed defenses The question posed to media that cite the NEJM scare stat is this Why neglect the compendious research on successful armed defense notably by criminologist Gary Kleck Point Blank Guns and Violence in America Aldine de Gruyter 1992 Kleck s estimations of the rate and risk of defensive firearm use are based on victimization surveys as well as other studies the rate is high about one million a year and the risk is good gun defenders fare better than anyone either those who resort to other forms of resistance or those who do not resist I am changing my name to Chrysler I am heading for that great receiving line So when they hand a million grand out I ll be standing with my hand out Yes sir I ll get mine When my creditors are screaming for their dough I ll be proud to tell them all where they can go They won y have to scream and holler They ll all be paid to the last dollar Where the endless streams of money seam to flow I ll be glad to tell them all what they can do Its just a matter of a simple form or two It s not renumeration it s a liberal education Ain t you kind of glad that I m in debt to you Chorus Since the first first amphibians crawled out of the slime We ve been struggling in an unrelenting climb We were hardly up and walking before money started talking And it s sad failure is an awful crime It s been that way for a millennium or two But now it seems there s a different point of view If you re a corporate titanic and your failure is gigantic Down in congress there is a safety net for you,"""What kind of moral idiocy is it to measure this utility only in terms of killings"" ""Should we not celebrate let alone count those cases where no human life is lost as successful armed defenses"" ""I am changing my name to Chrysler"""
12,These are the titles and artists Telefunken Blues Milt Jackson Kenny Clarke Percy Heath Frank Morgan Frank Wess Walter Benton Jazz Concert West Coast The Bopland Boys Opus De Jazz VOl 2 John Rae Steve Kuhn Bobby Jaspar Jake Hannah John Neves Patterns of Jazz Cecil Payne Kenny Dorham Duke Jordan Tommy Potter Art Taylor Penthouse Serenade Erroll Garner Footloose Paul Bley The Imortal Lester Young Lester Young Count Basie Great Britain s Marian McPartland George Shearing Howard McGhee and Milt Jackson Self Titled I Just Love Jazz Piano Hampton Hawes John Mehegan Herbie Nichols Paul Smith Art Pepper Sonny Reid Self Titled Opus De Blues Frank Wess Thad Jones Curtis Fuller Charlie Fowlkes Hank Jones Eddie Jones Gus Johnson Jazz is Busting out All Over Too many names to list Opus in Swing Frank Wess Kenny Burrell Freddie Green Eddie Jones Kenny Clarke Jackson s Ville Milt Jackson Lucky Thompson Hank Jones Wendell Marshall Kenny Clarke I will take any reasonable offer on the package of the 15 discs as well as offers on individual discs 3 years old but only used VERY lightly Date Time stamp Counter Memory Rec Review Fade Back Light Auto Manual Focus Built in microphone Jack for external microphone Comes with Sturdy aluminum hardplastic carrying case 20 long X 13 wide X 6 high Shoulder strap Power adaptor battery charger Battery pack Remote recording controller UHF VHF cable adaptor Audio Video cables and adaptor Aproximate dimensions measured around outmost features 15 long X 4 wide X 8 high w handle ASKING PRICE BEST OFFER so far 350 but looking for more 700 new price 1 AMIGA 3000UX 25mhz unix compatible machine w 100 meg Hard Drive 4 meg RAM no monitor keyboard ESC and keys broken ASKING PRICE 1500 OBO Specifications Sony s best car discman perfect condition 8X oversampling 1 bit D A converter 3 beam laser pickup dual color display DSP sound processing Bass Boost and DDS modes w 3 levels of effect 2 way repeat hold mode can also run on just 2 AA batteries 30 track programming w repeat random play w delete fused cigarette lighter adapter could save the player if something goes wrong Accesories headphone plug line out jack Sony MDR 34 headphones AC power Adapter patch cord for home use automobile mouting plate car conecting pack remote control great for home use carrying case extra fuses This unit is great to use in any car,These are the titles and artists Telefunken Blues Milt Jackson Kenny Clarke Percy Heath Frank Morgan Frank Wess Walter Benton Jazz Concert West Coast The Bopland Boys Opus De Jazz VOl 2 John Rae Steve Kuhn Bobby Jaspar Jake Hannah John Neves Patterns of Jazz Cecil Payne Kenny Dorham Duke Jordan Tommy Potter Art Taylor Penthouse.
13,1990 Sportster 883 Standard blue factory 1200cc conversion kit less than 8000 miles Branch ported and polished big valve heads Screamin Eagle carb Screamin Eagle cam adjustable pushrods Harley performance mufflers tachometer new Metzeler tires front and rear Progressive front fork springs Harley King and Queen seat and sissy bar everything chromed O ring chain fork brace oil cooler and thermostat new Die Hard battery bike cover For sale Model Husqvarna 510 TE enduro model Year 1988 Engine 500 cc Four Stroke Extras 1992 ignition for easy starting Suspension by Aftershock Custom carbon fiber Kevlar skid plate Quick steering geometry Stock EPA legal and quiet exhaust system Bark busters and hand guards Motion Pro clutch cable Price 2200 Contact Denis Concordel E Mail MaBell 415 570 6667 work 415 494 7109 home I am selling my trusty Husky 1990 Sportster 883 Standard blue factory 1200cc conversion kit less than 8000 miles Branch ported and polished big valve heads Screamin Eagle carb Screamin Eagle cam adjustable pushrods Harley performance mufflers tachometer new Metzeler tires front and rear Progressive front fork springs Harley King and Queen seat and sissy bar everything chromed O ring chain fork brace oil cooler and thermostat new Die Hard battery bike cover I am looking for advice on buying a susuki GS1100E I have the following bike for sale type Dave Scott Centurion 1989 model size 47 cm c c grouppo Shimano 105 cranks 165 cm pedals Shimano 105 P1050 with clips and straps frame Tange II Double butted steel gearing front 52 42 rear 24 22 19 17 15 13 seat Terry womens gel seat computer Avocet 30 extras double water bottle cages extra rear tire 24 front 700c rear setup My wife is asking for 350 obo,1990 Sportster 883 Standard blue factory 1200cc conversion kit less than 8000 miles Branch ported and polished big valve heads Screamin Eagle carb Screamin eagle cam adjustable pushrods Harley performance mufflers tachometer new Metzeler tires front and rear Progressive front fork springs Harley King and Queen seat and sissy bar everything chromed O ring chain fork brace oil cooler and thermostat new Die Hard battery bike cover For sale Model Husqvarna 510 TE enduro model Year 1988 Engine 500 cc Four Stroke Extras 1992 ignition for easy starting Suspension by Aftershock Custom carbon fiber Kevlar skid plate Quick steering geometry Stock EPA legal
14,When I called the nearest Authorized Apple Service person I was told that it probably needed replacing and that would cost me over 150 Ouch Can anyone recommend a less expensive way to fix this problem One strange symptom of the problem is that when I take the ball out of the socket and shine a light into the hole I can make the cursor move horizontally by moving the wheel with my finger it works fine that way but won t work if I turn off the light I thought it was worth looking into the car seems otherwise clean and mentioned this to a co worker who proceeded to tell me a horror story about her son s 93 Probe GT which had several problems ending with engine noises which she said was something with the heads that Ford acknowledged the noise said they were working on it but didn t have a cure as of yet The socio economic factors which we know help to produce high crime levels like poverty which exists among us in large proportion I mean when it comes to discussion of african american problems we somehow become exempt from all these types of factors and the problem is laid at the doorstep of some neboulous dysfunction we supposedly have,When I called the nearest Authorized Apple Service person I was told that it probably needed replacing and that would cost me over 150 Ouch Can anyone recommend a less expensive way to fix this problem?
15,you keep on knocking but you can t come in i got to understand you ve been living in sin but walk right in and sit right down i ll keep on loving you i ll play the clown but bend down low let i tell you what i know yah i ve been buked brothers and i ve been stoned woe woe woe now i m hung by a tree in the the ganging on a few woe woe woe it doesn t matter who the man is who lives the life he loves it doesn t matter what the man does or the honest life he loves i want somewhere i want somewhere hallelujah hallelujah somewhere to lay my head woe is me only ska beat in eaven man stiff necked fools you think you re cool to deny me for simplicity yes you have gone for so long with your love for vanity now yes you have got the wrong interpretation mixed up with vain imagination so take jah sun and jah moon and jah rain and jah stars and forever yes erase your fantasy yeah the lips of the righteous teach many but fools die for want of wisdom the rich man s wealth is in his city the righteous wealth is in his holy place so take jah sun and jah moon and jah rain and jah stars and forever yes erase your fantasy destruction of the poor is in their poverty destruction of the soul is vanity yeah but i don t want to rule ya i don t want to fool ya i don t want to school ya things you you might never know about yes you have got the wrong interpretation mixed up with vain vain imagination stiff necked fools you think you re cool to deny me for oh simplicity love to see when yah move in the rhythm love to see when you re dancing from within it gives great joy to feel such sweet togetherness everyone s doing and they re doing their best it remind i of the days in jericho when we trodden down jericho wall these are the days when we ll trod true babylon gonna trod until babylon fall then I saw the angel with the seven seals saying babylon throne going down I differ with our moderator on this What makes us go blind to the truth that God is All Powerful and that He can not be binded by what people wrote and have written about Him in all ages Why is our faith in God limited By all the words and literature we muster What prevents us from going beyond being saved and extend God s rich love to others who are not Why are our eyes not wide open to see that He continuously sees our faith hope and love which glorify Him and so He gives us indications of His acknowledgements with signs miracles ordinary common or divinely inspired everywhere Isn t that like an atheist agnostic s view that all these are just ordinary here on earth and not caused by anything supernatural Why then does the Holy Mother comes back to remind us We must really accept that prayer changes the course of things and that with prayers even wars can be prevented Overview of contents What is the purpose of this newsgroup Hitler was an atheist The Bible proves it Pascal s Wager What is Occam s Razor Why it s good to believe in Jesus Why I know that God exists Einstein and God does not play dice Everyone worships something Why there must be a causeless cause The universe is so complex it must have been designed Independent evidence that the Bible is true Godel s Incompleteness Theorem George Bush on atheism and patriotism I know where hell is Biblical contradictions wanted The USA is a Christian nation The USA is not a Christian nation Subject What is the purpose of this newsgroup Typical posting Why have a newsgroup about atheism Why do atheists organize in groups What is there to discuss Response Many things are discussed here including Whether it is reasonable to feign theism in order to avoid upsetting one s family Prayer in schools Discrimination against atheists Sunday trading laws The Satanic Child Abuse myth Whether one should be an overt atheist or stay in the closet How religious societies prey sic on new college students How to get rid of unwanted proselytizers Whether religion is a danger to society and or the individual Why people become atheists Of course inevitably alt,you keep on knocking but you can t come in i got to understand you ve been living in sin but walk right in and sit right down i ll keep on loving you i ll play the clown but bend down low let i tell you what i know yah i ve been buked brothers and I ve been stoned. stiff necked fools you think you re cool to deny me for simplicity yes you have gone for so long with your love for vanity. Yes you have got the wrong interpretation mixed up with vain imagination.
16,how many times have you ridden with an inattentive driver cruising on the highway at 55 65 in 4th gear of a 5 speed how many of people who drive manuals really know what the best gear to use is for every conceivable situation i m sure there will be some who know but i suspect that a chip controlled automatic with all possible scenario ratio combinations stored in ROM is likely to do better Does running Jim s articles through discord make them more coherent Less coherent Or has discord turned Jim s articles into an angst ridden poem about making choices in a world filled with uncertainty yet being held responsible for the choices we make Do the geese symbolize an inner frustration with ambiguity a desire that everything be black and white with no shades of gray Does the getaway car tell us that to try to renounce the existential nature of our being is not to get away from responsibility for our actions but rather to take the role of the passive accomplice the driver of the getaway car as it were Does the juxtaposition of man and machine car and driver reveal a subtext an internal conflict between determinism and moral responsibility Or am I reading too much into a collaboration between Jim and a random number generator YESSS You make me proud to be an Merkun I remember a commercial for some cheap top heavy import cage a while back where the driver says while wearing a stuck up fake TV anouncers smile It Really goes Straight Archive name rec autos part4 this article is one of a pair of articles containing commonly asked automotive questions the other article contains questions of general consumer interest and is broken out to facilitate crossposting to misc,This article is one of a pair of articles containing commonly asked automotive questions. The other article contains questions of general consumer interest and is broken out to facilitate crossposting to misc. Archive name rec autos part4.
17,That s my bad habit ignore it and it will go away you re not worth anyone s time so don t go talking to anyone about this you re right you are a sub human piece of garbage and deserve to be treated this way you are just an object you prostitute your mind to this company so why can t others expect you to prostitute your body there as well what makes you think women aren t just possessions and nothing more than sex organs and their ability to perform the sex act This is the kind of thinking that can catapault one into a major depressive episode please pray that these thoughts don t come into my head and stay there triggering depression Out of curiosity what kind of jobs would these be What s the demographic mix wrt race age culture Life s a bitch ain t it Man you ve got to get out of Fornicalia have you considered someplace perhaps geographically distant but politically more friendly to you like say Indiana Or maybe Utah I don t doubt it but unless you can show me statistics to the contrary I will persist in my apparently dogmatic socialist belief hey if you say so that most AFDC money really does for better or worse in the long term feed FDCs Jammer Dit is geen fantastische advertentie over nep rolexen maar een evenzo duidelijke mededeling hieromtrent Aangezien het alleen al aanbieden van deze horloges onder vermelding van de echte merknaam niet geheel correct is wil ik met dit bericht duidelijk maken dat ik Marcel Engelbertink niet meer zal adverteren met imitatie horloges van het merk ROLEX,That s my bad habit ignore it and it will go away you re not worth anyone s time so don t go talking to anyone about this you re right you are a sub human piece of garbage and deserve to be treated this way you are just an object you prostitute your mind to this company so why can t others expect you to prostitute your body there as well. What makes you think women aren't just possessions and nothing more than sex organs and their ability to perform the sex act This is the kind of thinking that can catapault one into a major depressive episode please pray that these thoughts don t come into my head and stay there
18,SWEDEN CANADA Goaltender 30 Tommy Soderstrom 30 Bill Ranford Defense 8 Kenneth Kennholt 5 Norm Maciver 14 Fredrik Stillman 24 Dave Manson 3 Peter Popovic 25 Geoff Smith 55 Peter Andersson 19 Brian Benning 7 Arto Blomsten 6 Terry Carkner 28 Roger Akerstrom 3 Garry Galley 4 Derek Mayer Forwards 29 Mikael Renberg 15 Dave Gagner 9 Thomas Rundqvist 27 Adam Graves 34 Mikael Andersson 22 Mike Gartner 19 Markus Naslund 20 Paul Kariya 21 Peter Forsberg 88 Eric Lindros 18 Jonas Bergqvist 8 Mark Recchi 5 Patrik Juhlin 17 Rod Brind Amour 20 Jan Larsson 9 Shayne Corson 4 Stefan Nilsson 11 Kevin Dineen 22 Charles Berglund 10 Geoff Sanderson 26 Michael Nylander 12 Greg Johnson 34 Andersson 18 Bergqvist 14 Brian Savage 16 Kelly Buchberger I know that there wasn t other games on the schedule but ESPN sometimes shows classic games from previous season to fill in the time slot 4 S O Totals Average BOS 140 573 5 142 694 7 142 768 6 152 468 8 578 503 14 109 BUF 144 701 0 148 516 3 152 133 5 168 878 4 614 228 14 981 CAL 190 125 1 196 174 3 196 982 4 217 346 5 800 627 19 527 CHI 176 372 10 176 746 9 177 981 10 196 749 11 727 848 17 752 DET 196 330 10 196 670 10 197 228 10 217 167 10 807 395 19 692 EDM 139 038 0 149 422 2 152 831 2 165 384 2 606 675 14 796 HAR 92 994 0 110 670 2 108 651 0 122 123 0 434 438 10 596 LA 154 065 5 159 014 8 160 050 10 176 055 11 649 184 15 833 MIN 130 710 2 140 933 3 139 986 1 160 213 4 571 842 13 947 MON 168 097 8 169 671 10 168 784 10 190 186 11 696 738 16 993 NJ 127 053 0 124 011 2 145 856 2 163 050 1 559 970 13 657 NYI 114 706 1 108 502 1 123 167 3 139 946 0 486 321 11 861 NYR 178 200 7 179 990 6 182 000 10 199 337 8 739 527 18 037 OTT 104 713 10 105 000 10 104 602 10 115 330 11 429 645 10 479 PHI 172 372 4 172 967 3 172 613 2 190 520 5 708 472 17 279 PIT 160 379 6 161 475 8 161 280 6 177 705 10 660 839 16 118 QUE 149 452 3 147 911 3 147 394 2 168 830 8 613 587 14 965 SJ 110 890 10 110 374 8 110 120 7 121 745 10 453 129 11 051 STL 156 313 3 170 531 5 171 249 5 187 849 7 685 942 16 730 TB 97 269 5 99 621 6 99 611 4 114 059 9 410 560 10 013 TOR 155 500 4 157 779 9 157 014 8 172 888 11 643 181 15 687 VAN 144 120 0 154 184 4 157 094 6 176 751 8 632 149 15 418 WAS 153 209 0 163 563 1 161 479 2 171 711 2 649 962 15 852 WIN 131 072 0 135 902 1 133 414 1 154 956 2 555 344 13 544 3 488 253 3 582 320 3 624 287 4 021 246 14 716 106 The Pens are now being broadcast on 102 0 rotates wide spreadsheets 90 degrees to print on 1 page Games WolfPack WWII submarine simultaion Space Station Oblivion arcade style game similar to Spectre Demon Stalkers dungeon game like Gauntlet Zork II Moonmist Ballyhoo Infocom adventure mystery games Jack Nicklaus Unlimited Golf and Course Design excellent golf game War In Middle Earth similar to D D games based on Tolkien s The Hobbit Sargon 4 excellent chess game play against someone or against computer Silent Service II submarine simulation Was the ABC coverage of the Kings Flames game supposed to be the way it was shown in BC with CBC overriding the ABC coverage When I flipped to ABC it was the same commentators same commercials even,The Pens are now being broadcast on 102 0 rotates wide spreadsheets 90 degrees to print on 1 page Games WolfPack WWII submarine simultaion Space Station Oblivion arcade style game similar to Spectre Demon Stalkers dungeon game like Gauntlet Zork II Moonmist Ballyhoo Infocom adventure mystery games Jack Nicklaus Unlimited Golf and Course.
19,Anyway I was hoping someone knowledgeable about Mac internals could set me straight is it simply impossible for a mac SE to print grayscale or could someone armed with enough info and a little pro gramming experience cook something up that would supplement the ROM s capabilities Also how does one know if one s mac can support the grayscale and photograde that the Select 300 is supposedly capable of Short of buying the printer and trying it out like I did Thanks for your help VERY fast up to 192 cps printing in printer controlled as opposed to Windows driver controlled printing Bidirectional printing for faster processing speed 5 fonts courier prestige bold ps script sans serif Epson LQ 2500 and IBM Proprinter X24 printer emulation Can accept single sheets envelopes and 3 non carbon copies by friction feed Front or bottom paper feed 6KB buffer I will send a sample document and a printed GIF JPEG file to anyone who wishes to send a SASE How do I reencode a TrueType font How can I get at the fi and fl ligatures in Windows or on the Mac Are there utilities that make it possible to circumvent the hard wired Windows ANSI encoding Regards 1001 A East Harmony Road Bob Niland Suite 503 Internet Fort Collins CO 80525 CompuServe 71044 2124 303 223 5209 fix the table in,I was hoping someone knowledgeable about Mac internals could set me straight. Is it simply impossible for a mac SE to print grayscale or could someone armed with enough info and a little pro gramming experience cook something up that would supplement the ROM s capabilities. Also how does one know if one s mac can support thegrayscale and photograde that the Select 300 is supposedly capable of. Short of buying the printer and trying it out like I did.
20,Israeli morality pales in the face of charming events like the string of PLO run skyjackings in the mid 80 s remember those TWA jokes and not to forget the Achille Lauro and however many airline bombings they have committed not to mention bombings on the streets of Israel It s gotten to a point where children are told not to go near any bags or containers whose origins they don t know because they could be bombs or last weeks Katyusha rocket attack on Northern Israel by Fatah those wonderful mainstream moderates with whom Israel is attempting to negotiate Past governments found funds to subsidize cheap read affordable housing and the requisite infrastructure but where was the investment for creating industry which would have generated income and jobs After 26 years Yehuda and Shomron remain barren bereft of even middle sized industries and the Jewish settlements are sterile bedroom communities havens for in the main Israelis both secular and religious who work in Tel Aviv or Jerusalem but cannot afford to live in either city or their surrounding suburbs 8 ISnet 11 02 92 Fri 23 Apr 93 09 30 23 GMT From Elias Davidsson Message Id Subject no subject file transmission To Date Fri 23 Apr 93 9 30 22 GMT X Charset ASCII X Char Esc 29 Status RO Final Solution for the Gaza ghetto While Israeli Jews fete the uprising of the Warsaw ghetto they repress by violent means the uprising of the Gaza ghetto and attempt to starve the Gazans,Israeli morality pales in the face of charming events like the string of PLO run skyjackings in the mid 80 s. Yehuda and Shomron remain barren bereft of even middle sized industries. The Jewish settlements are sterile bedroom communities havens for in the main Israelis.
21,10 bands channel octave EQ subsonic filter rumble reducer tape monitor amazing real time spectrum analyzer with calibrtated microphone and pink noise generator calibrated and uncalibrated range adjustment display is calibrated in dB and can display the average energy per band or the average for the full speactrum great for checking how loud your system is The display action has two speed settings to adjust how quickly the display responds to transients This is one of the best equilizers around Features DMPEG DMPLAY is another MPEG decoder player for the PC decodes nearly the full MPEG video standard I P B frames frame size up to at least 352x240 supported saves decoded sequence in 8 or 24bit raw file for later display optional on screen display during decoding requires VGA several dithering options ordered dither Floyd Steinberg grayscale color space selection runs under DOS 640KB RAM no MS Windows required very compact small code small data models 16 bit arithmetic real time display of the raw file by a separate player for VGA and many Super VGAs What do people recommend for a decent 14 15 monitor I v looked at some ads and the spec for NEC 4FG 4FGe and the price is within my budget but could LCIII be able to use the various resolutions available on 4FG specifically the 1024x768 resolution Does LCIII only support one resolution Also any recommendations for a reliable mail order place for LCIII or monitors Does anyone have experience with the following mail order places SYEX EXPRESS Houston Tx USA FLEX Bloomingdale Il Thanks jeff Hi I am using Xview 3,10 bands channel octave EQ subsonic filter rumble reducer tape monitor amazing real time spectrum analyzer with calibrtated microphone and pink noise generator calibrated and uncalibrated range adjustment display is calibrated in dB and can display the average energy per band.
22,And what we re going to try to do this year with your leadership is to introduce legislation in Congress that will actually define the things that the national government ought to do to try to help the local schools and the children of this country and the adult learners too meet those goals making sure that when by 2000 people show up for school ready to learn that we get a 90 percent on time high school graduation rate that children at the 4th 8th and 12th grades are confident in the subjects they re supposed to know that they are second to none in math and science that are schools are safe disciplined and drug free What kinds of things will Hijaak do that these shareware programs will not do What has been your experience with Hijaak Are there other programs that are better Please email me if you can help Wayne Haston With yet another tax being floated by the Clinton administration to pay for new free social programs I ve really begun to suspect that the Canadians long resentful of their place in the American shadow brainwashed an American draft dodger who fled to Canada some time between 1966 and 1968 tutored him in the ways of Canadian socialism awarded him with smokeless marijuana cigarettes when he got the correct answers then returned him to the states under the control of the domineering wife assigned to his case to attain high public office and destroy the evil individualistic and free market forces in America thus shaping America in the Canadian image They say We are not sure if the places visited by IAEA are the real ones or not or We can not rely on IAEA s reports and observation because they failed to see Iraq s nuclear activities before as if they didn t know that Iraq was trying to build nuclear weapons 5 As an extremely personal opinion the most disgusting aspect of the program was the arrogance of the member of US Senate foreign Affairs William Triplet in his way of talking as if he was the god talking from the absolute knowledge I hope all Iranians be aware of the gradual buildup against their country in western media and I hope Iranian authorities continue to their wise and calculated approach with regard to international affairs and peaceful coexistence with friendly nations,"Wayne Haston is the founder of Hijaak, a free online learning program. He hopes to use the program to improve the quality of education in the U.S. He also hopes to raise awareness about the dangers of drugs and alcohol."
23,AvLeak AXAF Advanced X ray Astrophysics Facility BATSE Burst And Transient Source Experiment on CGRO BBXRT Broad Band X Ray Telescope ASTRO package BEM Bug Eyed Monster BH Black Hole BIMA Berkeley Illinois Maryland Array BNSC British National Space Centre BTW By The Way C T Communications Tracking CCAFS Cape Canaveral Air Force Station CCD Charge Coupled Device CCDS Centers for the Commercial Development of Space CD ROM Compact Disk Read Only Memory CFA Center For Astrophysics CFC ChloroFluoroCarbon CFF Columbus Free Flyer CFHT Canada France Hawaii Telescope CGRO Arthur Holley Compton Gamma Ray Observatory was GRO CHARA Center for High Angular Resolution Astronomy CIRRIS Cryogenic InfraRed Radiance Instrument for Shuttle CIT Circumstellar Imaging Telescope CM Command Module Apollo spacecraft CMCC Central Mission Control Centre ESA CNES Centre National d Etude Spatiales CNO Carbon Nitrogen Oxygen CNSR Comet Nucleus Sample Return COBE COsmic Background Explorer COMPTEL COMPton TELescope on CGRO COSTAR Corrective Optics Space Telescope Axial Replacement CRAF Comet Rendezvous Asteroid Flyby CRRES Combined Release Radiation Effects Satellite CSM Command and Service Module Apollo spacecraft CSTC Consolidated Satellite Test Center USAF CTIO Cerro Tololo Interamerican Observatory DCX Delta Clipper eXperimental DDCU DC to DC Converter Unit DFRF Dryden Flight Research Facility now ADFRF DMSP Defense Meteorological Satellite Program DOD Department Of Defense sometimes DoD DOE Department Of Energy DOT Department Of Transportation DSCS Defense Satellite Communications System DSN Deep Space Network DSP Defense Support Program USAF NRO EAFB Edwards Air Force Base ECS Environmental Control System EDO Extended Duration Orbiter EGRET Energetic Gamma Ray Experiment Telescope on CGRO EJASA Electronic Journal of the Astronomical Society of the Atlantic ELV Expendable Launch Vehicle EMU Extravehicular Mobility Unit EOS Earth Observing System ERS Earth Resources Satellite as in ERS 1 ESA European Space Agency ESO European Southern Observatory ET Shuttle External Tank ETLA Extended Three Letter Acronym ETR Eastern Test Range EUV Extreme UltraViolet EUVE Extreme UltraViolet Explorer EVA ExtraVehicular Activity FAQ Frequently Asked Questions FAST Fast Auroral SnapshoT explorer FFT Fast Fourier Transform FGS Fine Guidance Sensors on HST FHST Fixed Head Star Trackers on HST FIR Far InfraRed FITS Flexible Image Transport System FOC Faint Object Camera on HST FOS Faint Object Spectrograph on HST FRR Flight Readiness Review FTP File Transfer Protocol FTS Flight Telerobotic Servicer FUSE Far Ultraviolet Spectroscopic Explorer FWHM Full Width at Half Maximum FYI For Your Information GAS Get Away Special GBT Green Bank Telescope GCVS General Catalog of Variable Stars GEM Giotto Extended Mission GEO Geosynchronous Earth Orbit GDS Great Dark Spot GHRS Goddard High Resolution Spectrograph on HST GIF Graphics Interchange Format GLOMR Global Low Orbiting Message Relay GMC Giant Molecular Cloud GMRT Giant Meter wave Radio Telescope GMT Greenwich Mean Time also called UT GOES Geostationary Orbiting Environmental Satellite GOX Gaseous OXygen GPC General Purpose Computer GPS Global Positioning System GRO Gamma Ray Observatory now CGRO GRS Gamma Ray Spectrometer on Mars Observer GRS Great Red Spot GSC Guide Star Catalog for HST GSFC Goddard Space Flight Center NASA GTO Geostationary Transfer Orbit HAO High Altitude Observatory HD Henry Draper catalog entry HEAO High Energy Astronomical Observatory HeRA Hermes Robotic Arm HF High Frequency HGA High Gain Antenna HLC Heavy Lift Capability HLV Heavy Lift Vehicle HMC Halley Multicolor Camera on Giotto HR Hertzsprung Russell diagram HRI High Resolution Imager on ROSAT HSP High Speed Photometer on HST HST Hubble Space Telescope HUT Hopkins Ultraviolet Telescope ASTRO package HV High Voltage IAPPP International Amateur Professional Photoelectric Photometry IAU International Astronomical Union IAUC IAU Circular ICE International Cometary Explorer IDA International Dark sky Association IDL Interactive Data Language IGM InterGalactic Medium IGY International Geophysical Year IMHO In My Humble Opinion IOTA Infrared Optical Telescope Array IOTA International Occultation Timing Association IPS Inertial Pointing System IR InfraRed IRAF Image Reduction and Analysis Facility IRAS InfraRed Astronomical Satellite ISAS Institute of Space and Astronautical Science Japan ISM InterStellar Medium ISO Infrared Space Observatory ISO International Standards Organization ISPM International Solar Polar Mission now Ulysses ISY International Space Year IUE International Ultraviolet Explorer IUS Inertial Upper Stage JEM Japanese Experiment Module for SSF JGR Journal of Geophysical Research JILA Joint Institute for Laboratory Astrophysics JPL Jet Propulsion Laboratory JSC Johnson Space Center NASA KAO Kuiper Airborne Observatory KPNO Kitt Peak National Observatory KSC Kennedy Space Center NASA KTB Cretaceous Tertiary Boundary from German LANL Los Alamos National Laboratory LaRC Langley Research Center NASA LDEF Long Duration Exposure Facility LEM Lunar Excursion Module a Marshall Space Flight Center NASA MTC Man Tended Capability NACA National Advisory Committee on Aeronautics became NASA NASA National Aeronautics and Space Administration NASDA NAtional Space Development Agency Japan NASM National Air and Space Museum NASP National AeroSpace Plane NBS National Bureau of Standards now NIST NDV NASP Derived Vehicle NERVA Nuclear Engine for Rocket Vehicle Application NGC New General Catalog NICMOS Near Infrared Camera Multi Object Spectrometer HST upgrade NIMS Near Infrared Mapping Spectrometer on Galileo NIR Near InfraRed NIST National Institute for Standards and Technology was NBS NLDP National Launch Development Program NOAA National Oceanic and Atmospheric Administration NOAO National Optical Astronomy Observatories NRAO National Radio Astronomy Observatory NRO National Reconnaissance Office NS Neutron Star NSA National Security Agency NSF National Science Foundation NSO National Solar Observatory NSSDC National Space Science Data Center NTR Nuclear Thermal Rocket ry NTT New Technology Telescope OAO Orbiting Astronomical Observatory OCST Office of Commercial Space Transportation OMB Office of Management and Budget OMS Orbital Maneuvering System OPF Orbiter Processing Facility ORFEUS Orbiting and Retrievable Far and Extreme Ultraviolet Spectrometer OSC Orbital Sciences Corporation OSCAR Orbiting Satellite Carrying Amateur Radio OSSA Office of Space Science and Applications OSSE Oriented Scintillation Spectrometer Experiment on CGRO OTA Optical Telescope Assembly on HST OTHB Over The Horizon Backscatter OTV Orbital Transfer Vehicle OV Orbital Vehicle PAM Payload Assist Module PAM D Payload Assist Module Delta class PI Principal Investigator PLSS Portable Life Support System PM Pressurized Module PMC Permanently Manned Capability PMIRR Pressure Modulated InfraRed Radiometer on Mars Observer PMT PhotoMultiplier Tube PSF Point Spread Function PSR PulSaR PV Photovoltaic PVO Pioneer Venus Orbiter QSO Quasi Stellar Object RCI Rodent Cage Interface for SLS mission RCS Reaction Control System REM Rat Enclosure Module for SLS mission RF Radio Frequency RFI Radio Frequency Interference RIACS Research Institute for Advanced Computer Science RMS Remote Manipulator System RNGC Revised New General Catalog ROSAT ROentgen SATellite ROUS Rodents Of Unusual Size I don t believe they exist RSN Real Soon Now RTG Radioisotope Thermoelectric Generator RTLS Return To Launch Site Shuttle abort plan SAA South Atlantic Anomaly SAGA Solar Array Gain Augmentation for HST SAMPEX Solar Anomalous and Magnetospheric Particle EXplorer SAO Smithsonian Astrophysical Observatory SAR Search And Rescue SAR Synthetic Aperture Radar SARA Satellite pour Astronomie Radio Amateur SAREX Search and Rescue Exercise SAREX Shuttle Amateur Radio Experiment SAS Space Activity Suit SAS Space Adaptation Syndrome SAT Synthetic Aperture Telescope S C SpaceCraft SCA Shuttle Carrier Aircraft SCT Schmidt Cassegrain Telescope SDI Strategic Defense Initiative SDIO Strategic Defense Initiative Organization SEI Space Exploration Initiative SEST Swedish ESO Submillimeter Telescope SETI Search for ExtraTerrestrial Intelligence SID Sudden Ionospheric Disturbance SIR Shuttle Imaging Radar SIRTF Space formerly Shuttle InfraRed Telescope Facility SL SpaceLab SLAR Side Looking Airborne Radar SLC Space Launch Complex SLS Space lab Life Sciences SMC Small Magellanic Cloud SME Solar Mesosphere Explorer SMEX SMall EXplorers SMM Solar Maximum Mission SN SuperNova e SN1987A SNR Signal to Noise Ratio SNR SuperNova Remnant SNU Solar Neutrino Units SOFIA Stratospheric Observatory For Infrared Astronomy SOHO SOlar Heliospheric Observatory SPAN Space Physics and Analysis Network SPDM Special Purpose Dextrous Manipulator SPOT Systeme Probatoire pour l Observation de la Terre SPS Solar Power Satellite SRB Solid Rocket Booster SRM Solid Rocket Motor SSF Space Station Fred er Freedom SSI Solid State Imager on Galileo SSI Space Studies Institut SSME Space Shuttle Main Engine SSPF Space Station Processing Facility SSRMS Space Station Remote Manipulator System SST Spectroscopic Survey Telescope SST SuperSonic Transport SSTO Single Stage To Orbit STIS Space Telescope Imaging Spectrometer to replace FOC and GHRS STS Shuttle Transport System or Space Transportation System STScI Space Telescope Science Institute SWAS Submillimeter Wave Astronomy Satellite SWF ShortWave Fading TAL Transatlantic Abort Landing Shuttle abort plan TAU Thousand Astronomical Unit mission TCS Thermal Control System TDRS Tracking and Data Relay Satellite TDRSS Tracking and Data Relay Satellite System TES Thermal Emission Spectrometer on Mars Observer TIROS Television InfraRed Observation Satellite TLA Three Letter Acronym TOMS Total Ozone Mapping Spectrometer TPS Thermal Protection System TSS Tethered Satellite System UARS Upper Atmosphere Research Satellite UBM Unpressurized Berthing Mechanism UDMH Unsymmetrical DiMethyl Hydrazine UFO Unidentified Flying Object UGC Uppsala General Catalog UHF Ultra High Frequency UIT Ultraviolet Imaging Telescope Astro package UKST United Kingdom Schmidt Telescope USAF United States Air Force USMP United States Microgravity Payload UT Universal Time a,"AvLeak is a free online archive of information about the Hubble Space Telescope. AvLeak includes information on how to use the telescope, as well as how to find other telescopes."
24,Does your figure include a few hundred for SCSI drivers So you re saying that SCSI would have been the default interface type considering that the vast majority of PC s don t have cd rom drives or tape backups or etc That most PC s only have or had 1 hard drive and run DOS That SCSI hard drives cost a lot more than MFM or RLL drives at the time and how common were SCSI drives under 80 megs 4 to 10 years ago There s a lot more than the lack of a common interface card that prevented SCSI from becoming the connection medium of choice Why don t you start with the spec sheet of the ISA bus first You can quote SCSI specs till you re blue in the face but if they exceed the ISA bus capability then what s the point Who says IDE is limited to 5 megs sec What about VLB IDE Does anyone know how they perform As implimented on what system Given the original question SCSI used only as a single hard drive controller is it then necessary to get a SCSI drive that will do at least 5 maybe 10 megs sec for the SCSI choice to make any sence What does a 200 400 meg 5 megs sec SCSI drive cost The original CGA cart back in 84 was 300 Title just bout says it all Grasshopper Remote Controlled Car for Sale Trade Features 75 racing engine installed original included as well 2 sets of tires Futaba 2 channel radio with servos receiver body completly refinished great shape Battery and charger every thing you need to have it running right out of the box VERY fast everything 100 I haven t run this thing in a long time,SCSI hard drives cost a lot more than MFM or RLL drives at the time and how common were SCSI drives under 80 megs 4 to 10 years ago. Most PC s only have or had 1 hard drive and run DOS.
25,JohnH Electronics Department School of MPCE Macquarie University Sydney AUSTRALIA 2109 Email Ph 61 2 805 8959 Fax 61 2 805 8983 Subject options before back surgery for protruding disc at L4 L5 From Alex Miller Date 13 Apr 93 18 30 42 GMT rest You don t say whether or not you have any symptoms other than pain How are they used What is a GFI GFCI Where should GFCIs be used Where shouldn t I use a GFCI What is the difference between a GFCI outlet and a GFCI breaker What s the purpose of the ground prong on an outlet then Why is one prong wider than the other Polarization What kind of outlets do I need in a kitchen Where must outlets and switches be in bathrooms What is Romex NM NMD What is BX When should I use each Should I use plastic or metal boxes Junction box positioning Can I install a replacement fixture What does it mean when the lights brighten when a motor starts What is 3 phase power Should I use it Can I get it in my house Is it better to run motors at 110 or 220 What is this nonsense about 3HP on 110V 15A circuits How do I convert two prong receptacles to three prong Are you sure about GFCIs and ungrounded outlets Should the test button work How should I wire my shop Underground wiring Aluminum wiring I m buying a house What should I do What is this weird stuff Old style wiring Where do I buy stuff Subject Introduction Disclaimers Although we ve done a fair bit of wiring we are not electricians and we cannot be responsible for what you do Ungrounded grounding outlets except when downstream of a GFCI Splices hanging in mid air other than proper knob and tube Switched neutrals Unsecured Romex swinging about like grapevines Certain wiring practises that are actually to code or were at one time sometimes reveal DIY wiring that may have hidden violations Switches that seem to control nothing abandoned perhaps not properly terminated wiring A wall switch that shuts off a group of lights that are separately controlled by other wall switches,JohnH Electronics Department School of MPCE Macquarie University Sydney AUSTRALIA 2109 Email Ph 61 2 805 8959 Fax 612 805 8983 Subject options before back surgery for protruding disc at L4 L5 From Alex Miller Date 13 Apr 93 18 30 42 GMT rest You don t say whether or not you have any symptoms other than pain How are they used What is a GFI GFCI Where should GFCIs be used Where shouldn't I use a GFC I
26,Dan Motorola Cellular Subscriber Group 38 USA Cc I m 23 live in Norman Oklahoma drive an 89 Thunderbird SC have never made a claim against my insurance though I have been hit several times by negligent drivers who couldn t see stop signs or were fiddling with their radios and I have had three moving violations in the last 18 months one for going 85 in a 55 one for failure to clear an intersection I still say the damn light was yellow and one for going 35 in a 25 which didn t go on my record Robinson 5 Ott 6 Roberto Clemente 7 Tony Gwynn 8 Dave Parker 9 Reggie Jackson 10 Harry Heilmann 11 Jose Canseco 12 Darryl Strawberry C 1 Josh Gibson estimated 2 Mickey Cochrane 3 Gary Carter 4 Johnny Bench 5 Roy Campanella 6 Yogi Berra 7 Bill Dickey 8 Gabby Hartnett 9 Elston Howard 10 Ted Simmons 11 Joe Torre P 1 W Trout 14 Juan Marichal 15 Mordecai Brown 16 Joe Wood 17 Dave Steib 18 Jim Palmer 19 Bob Lemon 20 Fergie Jenkins RP 1 Who cares I hope there are some surprises here Raines above Muisial Carter above Bench Ripken above Banks Bonds above Mays Check the numbers of each player in comparison to the numbers of the rest of the players that year s and you ll see that I m fairly close with this ranking system which is primarily based on Total Player Rating for four consecutive years,Dan Motorola Cellular Subscriber Group 38 USA Cc I m 23 live in Norman Oklahoma drive an 89 Thunderbird SC have never made a claim against my insurance though I have been hit several times by negligent drivers who couldn t see stop signs or were fiddling with their radios. I have had three moving violations in the last 18 months one for going 85 in a 55 one for failure to clear an intersection I still say the damn light was yellow. I m fairly close with this ranking system which is primarily based on Total Player Rating for four consecutive years.
27,18 is amateur 19 is business and public service G day All I was looking to build a Parallel Port Digital to Analogue Converter the other day and came across this schematic which I promptly threw together on a piece of VeroBoard P2 22k P3 48k P4 100k P5 200k P6 400k P7 800k 10uf electrolytic P8 1M6 P9 3M2 47nF ceramic P25 Please excuse the obvious limits of the Lower ASCII char set I have it all constructed here and sitting inside a nice little grey ABS box Any hardware gurus out there want to comment Thanks alot Hubert De Jesus INTEL ASM COMMAND EQU 3000H Command Register on 8155 PORTA EQU 3001H Port A on 8155 TIMERLO EQU 3004H High 8 bits of 8155 Timer TIMERHI EQU 3005H Low 8 bits of 8155 Timer UARTDATA EQU E000H UART Data Register UARTCMD EQU E001H UART Command Register ORG 4000H SRAM location MVI A 08H Set Low Timer Bits STA TIMERLO MVI A 40H Set High Timer Bits STA TIMERHI MVI A 11111101B Start Timer Enable Port A STA COMMAND MVI A 11H Display 11 on 7 segment LEDs STA PORTA MVI A 00H Clear UART Command STA UARTCMD STA UARTCMD STA UARTCMD MVI A 01000000B Internally reset UART STA UARTCMD LDA UARTDATA Remove extraneous data MVI A 01001111B Init UART for 8 data bits STA UARTCMD no parity 1 stop bit 64x async MVI A 00100111B Enable Transmit and Receive STA UARTCMD INIT LDA UARTCMD Read Status Register ANI 02H Is RxRDY JZ INIT No loop LDA UARTDATA Read Data Character CPI Is Character 0x20 JNZ INIT No loop MVI A 22H Character received STA PORTA Display 22 on 7 segment LEDs HLT END C using BIOSCOM include stdio Could curt or whomever has a good list of books please post such list in all sorts of fields like jungian condensed buddist etc philosophies multiple personailty disorders or good fiction that has well worked imaginary friends In this case would the switch control voltages be 7V to turn the switch off and 0V to turn the switch on Regarding the post for information about the Mac Portable and the Powerbook 100 here are a couple of the answers 1 Does the Mac Portable support Appletalk Yes 2 What CPU is in the Mac Portable A low power version of the 68000 running at 15,Hubert De Jesus was looking to build a Parallel Port Digital to Analogue Converter. He came across this schematic which he promptly threw together on a piece of VeroBoard P2 22k P3 48k P4 100k P5 200k P6 400k P7 800k 10uf electrolytic P8 1M6 P9 3M2 47nF ceramic P25
28,Herron Kenneth Hilmer Andrew Hoang Long Hodge Bob Hodges Matthew Hollebone Bruce holsman Ian Hopkins John Hoppenbrouwers Jeroen Howard Robert Huang Ping Jackson Dave Jensen Colin Kassarjian Steven Kiehl Horst Kitchin Bruce Kone Bob Kovarski Mark Kretzer Myke Lacy Stephen lai william Landy Brian lau frankie Lau Stephen Lawton Gef Le Glasse Franck Lebius Henning lee james Lehtonen Jari Leitner Thomas Lempriere Mike Lentin Kevin Leung Johnnie Lim Pean Lin Steven Lindholm George Liukkonen Juha Logan Stan Lu Kevin Martin Johannes Mashao Daniel Maturo Larry Maxwell Scott Mayer Gunther H 4 1 New Mutants 22 2 100 last issue 1st look at X Force 1st print 2 copies 5 each 100 2nd print gold cover 4 Flash new 43 1 48 1 49 1 50 2 51 1 Annual 4 1 X Men new 1 all 5 covers 1 each but 2 for magneto foldout cover Uncanny X Men 191 3 215 2 255 2 copies 2 each 258 6 268 1 sold 1 copy left Lee reg artist 10 275 1 COPY LEFT 1st print 6 275 gold 2nd print 3 276 3 277 3 278 2 279 2 280 2 281 3 282 4 283 6 Defenders 52 Hulk vs Sub Mariner 2 Fantastic Four 347 4 348 2 349 3 copies 2 each Wolverine 11 3 20 2 41 w Cable 2 copies 6 each 42 4 43 3 Silver Surfer 1987 1 6 2 3 3 3 4 3 5 2 6 2 8 2 22 2 24 2 32 2 49 2 50 Foil cover only 1 copy left 6 51 2 52 2 53 1 54 1 55 1 56 1 58 2 59 2 Avengers 326 3 328 origin of Rage 3 X Factor 40 6 67 3 68 6 71 3 73 1 Quasar 21 1 22 1 23 1 24 1 Green Lantern 1990 3 2 9 2 copies 1 each 10 1 11 1 12 1 Toxic Avenger 1 3 copies 1 each 2 1 Sleepwalker 1 3 copies 2 each 3 1 7 1 Kool Aid Man 1 sealed in white bag 2 copies 2 each X Force 1 bagged w Cable Card 4 1 bagged w Shatterstar Card 3 2 2 3 1 4 1 NFL Superpro 1 1 Dr 4 1 New Mutants 22 2 100 last issue 1st look at X Force 1st print 2 copies 5 each 100 2nd print gold cover 4 Flash new 43 1 48 1 49 1 50 2 51 1 Annual 4 1 X Men new 1 all 5 covers 1 each but 2 for magneto foldout cover Uncanny X Men 191 3 215 2 255 2 copies 2 each 258 6 268 1 sold 1 copy left Lee reg artist 10 275 1 COPY LEFT 1st print 6 275 gold 2nd print 3 276 3 277 3 278 2 279 2 280 2 281 3 282 4 283 6 Defenders 52 Hulk vs Sub Mariner 2 Fantastic Four 347 4 348 2 349 3 copies 2 each Wolverine 11 3 20 2 41 w Cable 2 copies 6 each 42 4 43 3 Silver Surfer 1987 1 6 2 3 3 3 4 3 5 2 6 2 8 2 22 2 24 2 32 2 49 2 50 Foil cover only 1 copy left 6 51 2 52 2 53 1 54 1 55 1 56 1 58 2 59 2 Avengers 326 3 328 origin of Rage 3 X Factor 40 6 67 3 68 6 71 3 73 1 Quasar 21 1 22 1 23 1 24 1 Green Lantern 1990 3 2 9 2 copies 1 each 10 1 11 1 12 1 Toxic Avenger 1 3 copies 1 each 2 1 Sleepwalker 1 3 copies 2 each 3 1 7 1 Kool Aid Man 1 sealed in white bag 2 copies 2 each X Force 1 bagged w Cable Card 4 1 bagged w Shatterstar Card 3 2 2 3 1 4 1 NFL Superpro 1 1 Dr,Herron Kenneth Hilmer Andrew Hoang Long Hodge Bob Hodges Matthew Hollebone Bruce holsman Ian Hopkins John Hoppenbrouwers Jeroen Howard Robert Huang Ping Jackson Dave Jensen Colin Kassarjian Steven Kiehl.
29,SPARC BINARIES and needed libraries for these GNU programs a2p ar as basename bash bison cat cc1 cc1plus chgrp chmod chown ci cmp co comm compress cp cpio cpp ctags cut cvs date dd df diff diff3 dir dirname du egrep elvis emacs env etags expand expr fgrep find find2perl flex fold g g dep g filt gawk gcc gdb ginstall gnuchess gnuchessn gnuchessr gnugo gnuplot gnuplot x11 gprof grep h2ph head id ident indent ispell ld ld less ln locate logname ls m4 make merge mkdir mkfifo mkmodules mknod mt mv nice nm oleo paste pathchk perl pr printenv printf ranlib rcs rcsdiff rcsinfo rcsmerge rcstest ref refont rlog rm rmdir rmt s2p screen sed size sleep split strip stty sum tac tail taintperl tar tee test time touch tput tty uname unexpand uniq vdir virec whoami xargs xchess yes zmore AN ARCHIVE OF COMP Questions marked with a indicate questions new to this issue those with significant changes of content since the last issue are marked by 0 TOPIC BASIC INFORMATION SOURCES AND DEFINITIONS 1 What books and articles on X are good for beginners 2 What courses on X and various X toolkits are available 3 What conferences on X are coming up 4 What X related public mailing lists are available 5 How can I meet other X developers 6 What related FAQs are available 7 How do I ask a net question so as to maximize helpful responses 8 What publications discussing X are available 9 What are these common abbreviations acronyms 10 What is the ICCCM How do I write X friendly applications 11 What is the X Consortium and how do I join 12 Just what are OPEN LOOK and Motif 13 Just what is OpenWindows 14 Just what is DECWindows 15 What is PEX 16 What is low bandwidth X LBX XRemote PPP SLIP CSLIP 17 TOPIC USING X IN DAY TO DAY LIFE 18 What are all these different window managers 19 Why does my X session exit when I kill my window manager sic 20 Can I save the state of my X session like toolplaces does 21 How do I use another window manager with DEC s session manager 22 How do I change the keyboard auto repeat rate 23 How do I remap the keys on my keyboard to produce a string 24 How do I make a screendump or print my application 25 How do I make a color PostScript screendump of the X display 26 How do I make a screendump including the X cursor 27 How do I convert view Mac TIFF GIF Sun PICT img FAX images in X 28 How can I change the titlebar of my xterm window 29 Where can I find the xterm control sequences 30 Why does the R3 xterm et al fail against the R4 server 31 How can I use characters above ASCII 127 in xterm 32 Why are my xterm menus so small 33 How can I print the current selection 34 How does Xt use environment variables in loading resources 35 How to I have the R4 xdm put a picture behind the log in window 36 Why isn t my PATH set when xdm runs my 120 Is this a memory leak in the X11R4 XtDestroyWidget 121 Are callbacks guaranteed to be called in the order registered 122 Why doesn t XtDestroyWidget actually destroy the widget 123 How do I query the user synchronously using Xt 124 How do I determine the name of an existing widget 125 Why do I get a BadDrawable error drawing to XtWindow widget 126 Why do I get a BadMatch error when calling XGetImage 127 How can my application tell if it is being run under X 128 How do I make a busy cursor while my application is computing 129 How do I fork without hanging my parent X program 130 Can I make Xt or Xlib calls from a signal handler 131 What are these Xlib sequence lost errors 132 How can my Xt program handle socket pipe or file input 133 How do I simulate a button press release event for a widget 134 Why doesn t anything appear when I run this simple program 135 What is the difference between a Screen and a screen 136 Can I use C with X11 Motif XView 137 Where can I obtain alternate language bindings to X 138 Can XGetWindowAttributes get a window s background pixel pixmap 139 How do I create a transparent window 140 Why doesn t GXxor produce mathematically correct color values 141 Why does every color I allocate show up as black 142 Why can t my program get a standard colormap 143 Why does the pixmap I copy to the screen show up as garbage 144 How do I check whether a window ID is valid 145 Can I have two applications draw to the same window 146 Why can t my program work with tvtwm or swm 147 How do I keep a window from being resized by the user 148 How do I keep a window in the foreground at all times 149 How do I make text and bitmaps blink in X 150 How do I get a double click in Xlib 151 How do I render rotated text 152 What is the X Registry How do I reserve names If you have suggestions or corrections for any of these answers or any additional information please send them directly to uunet craft faq the information will be included in the next revision or possibly the one after that thanks for the many suggestions which haven t been incorporated yet,Questions marked with a indicate questions new to this issue those with significant changes of content since the last issue are marked by 0 TOPIC BASIC INFORMATION SOURCES AND DEFINITIONS 1 What books and articles on X are good for beginners 2 What courses on X and various X toolkits are available 3 What X conferences are coming up 4 What X related public mailing lists are available 5 How can I meet other X developers 6 What related FAQs are available 7 How do I ask a net question so as to maximize helpful responses 8 What publications discussing X are available 9 What are these common abbreviations acronyms 10 What is the
30,2 vendor release number 1 maximum request size 16384 longwords 65536 bytes motion buffer size 100 bitmap unit bit order padding 32 LSBFirst 32 image byte order LSBFirst number of supported pixmap formats 2 supported pixmap formats depth 1 bits per pixel 1 scanline pad 32 depth 8 bits per pixel 8 scanline pad 32 keycode range minimum 86 maximum 251 number of extensions 8 Adobe DPS Extension DPSExtension SHAPE MIT SHM Multi Buffering XInputExtension MIT SUNDRY NONSTANDARD DEC XTRAP default screen number 0 number of screens 1 Unfortunately Hep B infection can eventuate in chronic hepatitis and subsequent cirrhosis My question is does this apply to human infants to any degree In regard to Woody s post I thought I would remind him of something in the midst of his tirade against academia As a member of the generation likely to pay for the crap Reagan and his cronies started with the deficit according to the brilliant Laffer curve NOT I think we need to look with open minds upon any ideas which will allow us to directly address the problems of the gigantic federal deficit and debt and continue to allow our economy to expand and I don t remember Woody and co HICNet Medical Newsletter Page 16 Volume 6 Number 10 April 20 1993 Effectiveness in Disease and Injury Prevention Impact of Adult Safety Belt Use on Restraint Use Among Children less than 11 Years of Age Selected States 1988 and 1989 SOURCE MMWR 42 14 DATE Apr 16 1993 Motor vehicle crashes are the leading cause of death among children and young adults in the United States and account for more than 1 million years of potential life lost before age 65 annually 1,Hep B infection can eventuate in chronic hepatitis and subsequent cirrhosis. My question is does this apply to human infants to any degree. As a member of the generation likely to pay for the crap Reagan and his cronies started with the deficit.
